[
  {
    "type": "color",
    "name": "black",
    "rgb": "0,0,0",
    "hex": "000000",
    "redesigned": true
  },
  {
    "type": "color",
    "name": "gray20",
    "rgb": "5,9,12",
    "hex": "05090C",
    "redesigned": true
  },
  {
    "type": "color",
    "name": "gray19",
    "rgb": "12,20,25",
    "hex": "0C1419",
    "redesigned": true
  },
  {
    "type": "color",
    "name": "gray18",
    "rgb": "18,31,38",
    "hex": "121F26",
    "redesigned": true
  },
  {
    "type": "color",
    "name": "gray17",
    "rgb": "27,42,51",
    "hex": "1B2A33",
    "redesigned": true
  },
  {
    "type": "color",
    "name": "gray16",
    "rgb": "35,52,63",
    "hex": "23343F",
    "redesigned": true
  },
  {
    "type": "color",
    "name": "gray15",
    "rgb": "44,64,76",
    "hex": "2C404C",
    "redesigned": true
  },
  {
    "type": "color",
    "name": "gray14",
    "rgb": "54,76,89",
    "hex": "364C59",
    "redesigned": true
  },
  {
    "type": "color",
    "name": "gray13",
    "rgb": "66,88,102",
    "hex": "425866",
    "redesigned": true
  },
  {
    "type": "color",
    "name": "gray12",
    "rgb": "79,100,114",
    "hex": "4F6472",
    "redesigned": true
  },
  {
    "type": "color",
    "name": "gray11",
    "rgb": "89,113,127",
    "hex": "59717F",
    "redesigned": true
  },
  {
    "type": "color",
    "name": "gray10",
    "rgb": "103,126,140",
    "hex": "677E8C",
    "redesigned": true
  },
  {
    "type": "color",
    "name": "gray9",
    "rgb": "116,139,153",
    "hex": "748B99",
    "redesigned": true
  },
  {
    "type": "color",
    "name": "gray8",
    "rgb": "136,154,165",
    "hex": "889AA5",
    "redesigned": true
  },
  {
    "type": "color",
    "name": "gray7",
    "rgb": "150,168,178",
    "hex": "96A8B2",
    "redesigned": true
  },
  {
    "type": "color",
    "name": "gray6",
    "rgb": "163,181,191",
    "hex": "A3B5BF",
    "redesigned": true
  },
  {
    "type": "color",
    "name": "gray5",
    "rgb": "182,195,204",
    "hex": "B6C3CC",
    "redesigned": true
  },
  {
    "type": "color",
    "name": "gray4",
    "rgb": "197,209,216",
    "hex": "C5D1D8",
    "redesigned": true
  },
  {
    "type": "color",
    "name": "gray3",
    "rgb": "216,224,229",
    "hex": "D8E0E5",
    "redesigned": true
  },
  {
    "type": "color",
    "name": "gray2",
    "rgb": "226,232,237",
    "hex": "E2E8ED",
    "redesigned": true
  },
  {
    "type": "color",
    "name": "gray1",
    "rgb": "235,239,242",
    "hex": "EBEFF2",
    "redesigned": true
  },
  {
    "type": "color",
    "name": "white",
    "rgb": "255,255,255",
    "hex": "FFFFFF",
    "redesigned": true
  },
  {
    "type": "color",
    "name": "primary-default",
    "rgb": "0,122,204",
    "hex": "007ACC",
    "redesigned": true
  },
  {
    "type": "color",
    "name": "primary-hover",
    "rgb": "0,92,153",
    "hex": "005C99",
    "redesigned": true
  },
  {
    "type": "color",
    "name": "primary-pressed",
    "rgb": "0,61,102",
    "hex": "003D66",
    "redesigned": true
  },
  {
    "type": "color",
    "name": "primary-light",
    "rgb": "238,251,255",
    "hex": "EEFBFF",
    "redesigned": true
  },
  {
    "type": "color",
    "name": "select-default",
    "rgb": "9,129,156",
    "hex": "09819C",
    "redesigned": true
  },
  {
    "type": "color",
    "name": "select-hover",
    "rgb": "6,87,105",
    "hex": "065769",
    "redesigned": true
  },
  {
    "type": "color",
    "name": "select-pressed",
    "rgb": "3,44,54",
    "hex": "032C36",
    "redesigned": true
  },
  {
    "type": "color",
    "name": "select-light",
    "rgb": "230,251,255",
    "hex": "E6FBFF",
    "redesigned": true
  },
  {
    "type": "color",
    "name": "d-actionable-default",
    "rgb": "69,172,229",
    "hex": "45ACE5",
    "redesigned": true
  },
  {
    "type": "color",
    "name": "d-actionable-hover",
    "rgb": "45,115,153",
    "hex": "2D7399",
    "redesigned": true
  },
  {
    "type": "color",
    "name": "d-actionable-pressed",
    "rgb": "30,77,102",
    "hex": "1E4D66",
    "redesigned": true
  },
  {
    "type": "color",
    "name": "status-red1",
    "rgb": "255,236,236",
    "hex": "FFECEC",
    "redesigned": true
  },
  {
    "type": "color",
    "name": "status-red2",
    "rgb": "249,165,159",
    "hex": "F9A59F",
    "redesigned": true
  },
  {
    "type": "color",
    "name": "status-red3",
    "rgb": "243,67,54",
    "hex": "F34336",
    "redesigned": true
  },
  {
    "type": "color",
    "name": "status-red4",
    "rgb": "180,0,0",
    "hex": "B40000",
    "redesigned": true
  },
  {
    "type": "color",
    "name": "status-orange1",
    "rgb": "255,240,230",
    "hex": "FFF0E6",
    "redesigned": true
  },
  {
    "type": "color",
    "name": "status-orange2",
    "rgb": "255,196,153",
    "hex": "FFC499",
    "redesigned": true
  },
  {
    "type": "color",
    "name": "status-orange3",
    "rgb": "255,139,58",
    "hex": "FF8B3A",
    "redesigned": true
  },
  {
    "type": "color",
    "name": "status-orange4",
    "rgb": "204,85,0",
    "hex": "CC5500",
    "redesigned": true
  },
  {
    "type": "color",
    "name": "status-yellow1",
    "rgb": "255,246,217",
    "hex": "FFF6D9",
    "redesigned": true
  },
  {
    "type": "color",
    "name": "status-yellow2",
    "rgb": "255,224,112",
    "hex": "FFE070",
    "redesigned": true
  },
  {
    "type": "color",
    "name": "status-yellow3",
    "rgb": "254,198,0",
    "hex": "FEC600",
    "redesigned": true
  },
  {
    "type": "color",
    "name": "status-yellow4",
    "rgb": "163,128,1",
    "hex": "A38001",
    "redesigned": true
  },
  {
    "type": "color",
    "name": "status-blue1",
    "rgb": "230,245,255",
    "hex": "E6F5FF",
    "redesigned": true
  },
  {
    "type": "color",
    "name": "status-blue2",
    "rgb": "88,171,238",
    "hex": "58ABEE",
    "redesigned": true
  },
  {
    "type": "color",
    "name": "status-blue3",
    "rgb": "20,121,201",
    "hex": "1479C9",
    "redesigned": true
  },
  {
    "type": "color",
    "name": "status-blue4",
    "rgb": "12,66,111",
    "hex": "0C426F",
    "redesigned": true
  },
  {
    "type": "color",
    "name": "status-green1",
    "rgb": "236,255,238",
    "hex": "ECFFEE",
    "redesigned": true
  },
  {
    "type": "color",
    "name": "status-green2",
    "rgb": "180,227,79",
    "hex": "B4E34F",
    "redesigned": true
  },
  {
    "type": "color",
    "name": "status-green3",
    "rgb": "127,174,27",
    "hex": "7FAE1B",
    "redesigned": true
  },
  {
    "type": "color",
    "name": "status-green4",
    "rgb": "66,88,14",
    "hex": "42580E",
    "redesigned": true
  },
  {
    "type": "color",
    "name": "orange1",
    "rgb": "244,210,173",
    "hex": "F4D2AD",
    "redesigned": true
  },
  {
    "type": "color",
    "name": "orange2",
    "rgb": "242,200,154",
    "hex": "F2C89A",
    "redesigned": true
  },
  {
    "type": "color",
    "name": "orange3",
    "rgb": "240,191,136",
    "hex": "F0BF88",
    "redesigned": true
  },
  {
    "type": "color",
    "name": "orange4",
    "rgb": "236,175,104",
    "hex": "ECAF68",
    "redesigned": true
  },
  {
    "type": "color",
    "name": "orange5",
    "rgb": "233,162,75",
    "hex": "E9A24B",
    "redesigned": true
  },
  {
    "type": "color",
    "name": "orange6",
    "rgb": "226,141,23",
    "hex": "E28D17",
    "redesigned": true
  },
  {
    "type": "color",
    "name": "orange7",
    "rgb": "196,122,20",
    "hex": "C47A14",
    "redesigned": true
  },
  {
    "type": "color",
    "name": "orange8",
    "rgb": "149,92,17",
    "hex": "955C11",
    "redesigned": true
  },
  {
    "type": "color",
    "name": "orange9",
    "rgb": "124,77,16",
    "hex": "7C4D10",
    "redesigned": true
  },
  {
    "type": "color",
    "name": "orange10",
    "rgb": "97,60,13",
    "hex": "613C0D",
    "redesigned": true
  },
  {
    "type": "color",
    "name": "yellow1",
    "rgb": "239,232,165",
    "hex": "EFE8A5",
    "redesigned": true
  },
  {
    "type": "color",
    "name": "yellow2",
    "rgb": "235,227,147",
    "hex": "EBE393",
    "redesigned": true
  },
  {
    "type": "color",
    "name": "yellow3",
    "rgb": "232,224,130",
    "hex": "E8E082",
    "redesigned": true
  },
  {
    "type": "color",
    "name": "yellow4",
    "rgb": "225,215,94",
    "hex": "E1D75E",
    "redesigned": true
  },
  {
    "type": "color",
    "name": "yellow5",
    "rgb": "219,209,57",
    "hex": "DBD139",
    "redesigned": true
  },
  {
    "type": "color",
    "name": "yellow6",
    "rgb": "211,200,0",
    "hex": "D3C800",
    "redesigned": true
  },
  {
    "type": "color",
    "name": "yellow7",
    "rgb": "180,171,0",
    "hex": "B4AB00",
    "redesigned": true
  },
  {
    "type": "color",
    "name": "yellow8",
    "rgb": "138,131,0",
    "hex": "8A8300",
    "redesigned": true
  },
  {
    "type": "color",
    "name": "yellow9",
    "rgb": "115,109,0",
    "hex": "736D00",
    "redesigned": true
  },
  {
    "type": "color",
    "name": "yellow10",
    "rgb": "89,85,2",
    "hex": "595502",
    "redesigned": true
  },
  {
    "type": "color",
    "name": "yellow-green1",
    "rgb": "187,226,151",
    "hex": "BBE297",
    "redesigned": true
  },
  {
    "type": "color",
    "name": "yellow-green2",
    "rgb": "174,220,128",
    "hex": "AEDC80",
    "redesigned": true
  },
  {
    "type": "color",
    "name": "yellow-green3",
    "rgb": "164,215,107",
    "hex": "A4D76B",
    "redesigned": true
  },
  {
    "type": "color",
    "name": "yellow-green4",
    "rgb": "146,206,64",
    "hex": "92CE40",
    "redesigned": true
  },
  {
    "type": "color",
    "name": "yellow-green5",
    "rgb": "134,198,0",
    "hex": "86C600",
    "redesigned": true
  },
  {
    "type": "color",
    "name": "yellow-green6",
    "rgb": "123,188,0",
    "hex": "7BBC00",
    "redesigned": true
  },
  {
    "type": "color",
    "name": "yellow-green7",
    "rgb": "103,159,0",
    "hex": "679F00",
    "redesigned": true
  },
  {
    "type": "color",
    "name": "yellow-green8",
    "rgb": "79,123,0",
    "hex": "4F7B00",
    "redesigned": true
  },
  {
    "type": "color",
    "name": "yellow-green9",
    "rgb": "64,102,0",
    "hex": "406600",
    "redesigned": true
  },
  {
    "type": "color",
    "name": "yellow-green10",
    "rgb": "50,80,0",
    "hex": "325000",
    "redesigned": true
  },
  {
    "type": "color",
    "name": "green1",
    "rgb": "189,212,181",
    "hex": "BDD4B5",
    "redesigned": true
  },
  {
    "type": "color",
    "name": "green2",
    "rgb": "176,204,166",
    "hex": "B0CCA6",
    "redesigned": true
  },
  {
    "type": "color",
    "name": "green3",
    "rgb": "164,196,151",
    "hex": "A4C497",
    "redesigned": true
  },
  {
    "type": "color",
    "name": "green4",
    "rgb": "142,180,124",
    "hex": "8EB47C",
    "redesigned": true
  },
  {
    "type": "color",
    "name": "green5",
    "rgb": "123,166,98",
    "hex": "7BA662",
    "redesigned": true
  },
  {
    "type": "color",
    "name": "green6",
    "rgb": "101,149,64",
    "hex": "659540",
    "redesigned": true
  },
  {
    "type": "color",
    "name": "green7",
    "rgb": "85,126,54",
    "hex": "557E36",
    "redesigned": true
  },
  {
    "type": "color",
    "name": "green8",
    "rgb": "66,98,42",
    "hex": "42622A",
    "redesigned": true
  },
  {
    "type": "color",
    "name": "green9",
    "rgb": "53,80,35",
    "hex": "355023",
    "redesigned": true
  },
  {
    "type": "color",
    "name": "green10",
    "rgb": "42,64,27",
    "hex": "2A401B",
    "redesigned": true
  },
  {
    "type": "color",
    "name": "teal1",
    "rgb": "201,227,223",
    "hex": "C9E3DF",
    "redesigned": true
  },
  {
    "type": "color",
    "name": "teal2",
    "rgb": "174,213,207",
    "hex": "AED5CF",
    "redesigned": true
  },
  {
    "type": "color",
    "name": "teal3",
    "rgb": "147,200,191",
    "hex": "93C8BF",
    "redesigned": true
  },
  {
    "type": "color",
    "name": "teal4",
    "rgb": "120,186,175",
    "hex": "78BAAF",
    "redesigned": true
  },
  {
    "type": "color",
    "name": "teal5",
    "rgb": "93,172,159",
    "hex": "5DAC9F",
    "redesigned": true
  },
  {
    "type": "color",
    "name": "teal6",
    "rgb": "77,151,139",
    "hex": "4D978B",
    "redesigned": true
  },
  {
    "type": "color",
    "name": "teal7",
    "rgb": "62,121,111",
    "hex": "3E796F",
    "redesigned": true
  },
  {
    "type": "color",
    "name": "teal8",
    "rgb": "49,94,87",
    "hex": "315E57",
    "redesigned": true
  },
  {
    "type": "color",
    "name": "teal9",
    "rgb": "35,67,62",
    "hex": "23433E",
    "redesigned": true
  },
  {
    "type": "color",
    "name": "teal10",
    "rgb": "21,40,37",
    "hex": "152825",
    "redesigned": true
  },
  {
    "type": "color",
    "name": "aqua1",
    "rgb": "182,206,221",
    "hex": "B6CEDD",
    "redesigned": true
  },
  {
    "type": "color",
    "name": "aqua2",
    "rgb": "168,196,214",
    "hex": "A8C4D6",
    "redesigned": true
  },
  {
    "type": "color",
    "name": "aqua3",
    "rgb": "153,186,208",
    "hex": "99BAD0",
    "redesigned": true
  },
  {
    "type": "color",
    "name": "aqua4",
    "rgb": "125,167,195",
    "hex": "7DA7C3",
    "redesigned": true
  },
  {
    "type": "color",
    "name": "aqua5",
    "rgb": "103,151,184",
    "hex": "6797B8",
    "redesigned": true
  },
  {
    "type": "color",
    "name": "aqua6",
    "rgb": "72,130,168",
    "hex": "4882A8",
    "redesigned": true
  },
  {
    "type": "color",
    "name": "aqua7",
    "rgb": "62,112,145",
    "hex": "3E7091",
    "redesigned": true
  },
  {
    "type": "color",
    "name": "aqua8",
    "rgb": "46,84,109",
    "hex": "2E546D",
    "redesigned": true
  },
  {
    "type": "color",
    "name": "aqua9",
    "rgb": "38,69,90",
    "hex": "26455A",
    "redesigned": true
  },
  {
    "type": "color",
    "name": "aqua10",
    "rgb": "30,55,71",
    "hex": "1E3747",
    "redesigned": true
  },
  {
    "type": "color",
    "name": "cyan1",
    "rgb": "181,229,253",
    "hex": "B5E5FD",
    "redesigned": true
  },
  {
    "type": "color",
    "name": "cyan2",
    "rgb": "166,223,252",
    "hex": "A6DFFC",
    "redesigned": true
  },
  {
    "type": "color",
    "name": "cyan3",
    "rgb": "153,218,251",
    "hex": "99DAFB",
    "redesigned": true
  },
  {
    "type": "color",
    "name": "cyan4",
    "rgb": "130,210,251",
    "hex": "82D2FB",
    "redesigned": true
  },
  {
    "type": "color",
    "name": "cyan5",
    "rgb": "111,201,250",
    "hex": "6FC9FA",
    "redesigned": true
  },
  {
    "type": "color",
    "name": "cyan6",
    "rgb": "90,191,248",
    "hex": "5ABFF8",
    "redesigned": true
  },
  {
    "type": "color",
    "name": "cyan7",
    "rgb": "77,164,213",
    "hex": "4DA4D5",
    "redesigned": true
  },
  {
    "type": "color",
    "name": "cyan8",
    "rgb": "59,126,164",
    "hex": "3B7EA4",
    "redesigned": true
  },
  {
    "type": "color",
    "name": "cyan9",
    "rgb": "47,103,135",
    "hex": "2F6787",
    "redesigned": true
  },
  {
    "type": "color",
    "name": "cyan10",
    "rgb": "36,80,105",
    "hex": "245069",
    "redesigned": true
  },
  {
    "type": "color",
    "name": "blue1",
    "rgb": "197,205,255",
    "hex": "C5CDFF",
    "redesigned": true
  },
  {
    "type": "color",
    "name": "blue2",
    "rgb": "185,195,255",
    "hex": "B9C3FF",
    "redesigned": true
  },
  {
    "type": "color",
    "name": "blue3",
    "rgb": "173,185,255",
    "hex": "ADB9FF",
    "redesigned": true
  },
  {
    "type": "color",
    "name": "blue4",
    "rgb": "149,167,255",
    "hex": "95A7FF",
    "redesigned": true
  },
  {
    "type": "color",
    "name": "blue5",
    "rgb": "128,152,255",
    "hex": "8098FF",
    "redesigned": true
  },
  {
    "type": "color",
    "name": "blue6",
    "rgb": "97,132,255",
    "hex": "6184FF",
    "redesigned": true
  },
  {
    "type": "color",
    "name": "blue7",
    "rgb": "82,111,218",
    "hex": "526FDA",
    "redesigned": true
  },
  {
    "type": "color",
    "name": "blue8",
    "rgb": "64,86,170",
    "hex": "4056AA",
    "redesigned": true
  },
  {
    "type": "color",
    "name": "blue9",
    "rgb": "54,72,142",
    "hex": "36488E",
    "redesigned": true
  },
  {
    "type": "color",
    "name": "blue10",
    "rgb": "43,58,114",
    "hex": "2B3A72",
    "redesigned": true
  },
  {
    "type": "color",
    "name": "violet1",
    "rgb": "217,198,249",
    "hex": "D9C6F9",
    "redesigned": true
  },
  {
    "type": "color",
    "name": "violet2",
    "rgb": "210,187,249",
    "hex": "D2BBF9",
    "redesigned": true
  },
  {
    "type": "color",
    "name": "violet3",
    "rgb": "204,177,247",
    "hex": "CCB1F7",
    "redesigned": true
  },
  {
    "type": "color",
    "name": "violet4",
    "rgb": "191,158,244",
    "hex": "BF9EF4",
    "redesigned": true
  },
  {
    "type": "color",
    "name": "violet5",
    "rgb": "180,140,242",
    "hex": "B48CF2",
    "redesigned": true
  },
  {
    "type": "color",
    "name": "violet6",
    "rgb": "166,119,239",
    "hex": "A677EF",
    "redesigned": true
  },
  {
    "type": "color",
    "name": "violet7",
    "rgb": "140,101,203",
    "hex": "8C65CB",
    "redesigned": true
  },
  {
    "type": "color",
    "name": "violet8",
    "rgb": "107,76,155",
    "hex": "6B4C9B",
    "redesigned": true
  },
  {
    "type": "color",
    "name": "violet9",
    "rgb": "89,64,128",
    "hex": "594080",
    "redesigned": true
  },
  {
    "type": "color",
    "name": "violet10",
    "rgb": "70,50,102",
    "hex": "463266",
    "redesigned": true
  },
  {
    "type": "color",
    "name": "purple1",
    "rgb": "236,191,229",
    "hex": "ECBFE5",
    "redesigned": true
  },
  {
    "type": "color",
    "name": "purple2",
    "rgb": "233,180,224",
    "hex": "E9B4E0",
    "redesigned": true
  },
  {
    "type": "color",
    "name": "purple3",
    "rgb": "231,168,219",
    "hex": "E7A8DB",
    "redesigned": true
  },
  {
    "type": "color",
    "name": "purple4",
    "rgb": "227,147,210",
    "hex": "E393D2",
    "redesigned": true
  },
  {
    "type": "color",
    "name": "purple5",
    "rgb": "224,129,201",
    "hex": "E081C9",
    "redesigned": true
  },
  {
    "type": "color",
    "name": "purple6",
    "rgb": "219,106,188",
    "hex": "DB6ABC",
    "redesigned": true
  },
  {
    "type": "color",
    "name": "purple7",
    "rgb": "187,90,159",
    "hex": "BB5A9F",
    "redesigned": true
  },
  {
    "type": "color",
    "name": "purple8",
    "rgb": "144,69,123",
    "hex": "90457B",
    "redesigned": true
  },
  {
    "type": "color",
    "name": "purple9",
    "rgb": "119,57,102",
    "hex": "773966",
    "redesigned": true
  },
  {
    "type": "color",
    "name": "purple10",
    "rgb": "96,46,82",
    "hex": "602E52",
    "redesigned": true
  },
  {
    "type": "color",
    "name": "pink1",
    "rgb": "232,165,200",
    "hex": "E8A5C8",
    "redesigned": true
  },
  {
    "type": "color",
    "name": "pink2",
    "rgb": "229,148,189",
    "hex": "E594BD",
    "redesigned": true
  },
  {
    "type": "color",
    "name": "pink3",
    "rgb": "226,132,178",
    "hex": "E284B2",
    "redesigned": true
  },
  {
    "type": "color",
    "name": "pink4",
    "rgb": "223,102,155",
    "hex": "DF669B",
    "redesigned": true
  },
  {
    "type": "color",
    "name": "pink5",
    "rgb": "222,82,136",
    "hex": "DE5288",
    "redesigned": true
  },
  {
    "type": "color",
    "name": "pink6",
    "rgb": "222,67,119",
    "hex": "DE4377",
    "redesigned": true
  },
  {
    "type": "color",
    "name": "pink7",
    "rgb": "188,56,94",
    "hex": "BC385E",
    "redesigned": true
  },
  {
    "type": "color",
    "name": "pink8",
    "rgb": "145,41,72",
    "hex": "912948",
    "redesigned": true
  },
  {
    "type": "color",
    "name": "pink9",
    "rgb": "120,33,60",
    "hex": "78213C",
    "redesigned": true
  },
  {
    "type": "color",
    "name": "pink10",
    "rgb": "95,24,48",
    "hex": "5F1830",
    "redesigned": true
  },
  {
    "type": "color",
    "name": "red1",
    "rgb": "237,182,189",
    "hex": "EDB6BD",
    "redesigned": true
  },
  {
    "type": "color",
    "name": "red2",
    "rgb": "235,169,176",
    "hex": "EBA9B0",
    "redesigned": true
  },
  {
    "type": "color",
    "name": "red3",
    "rgb": "233,155,163",
    "hex": "E99BA3",
    "redesigned": true
  },
  {
    "type": "color",
    "name": "red4",
    "rgb": "229,129,137",
    "hex": "E58189",
    "redesigned": true
  },
  {
    "type": "color",
    "name": "red5",
    "rgb": "227,110,116",
    "hex": "E36E74",
    "redesigned": true
  },
  {
    "type": "color",
    "name": "red6",
    "rgb": "224,84,85",
    "hex": "E05455",
    "redesigned": true
  },
  {
    "type": "color",
    "name": "red7",
    "rgb": "190,71,72",
    "hex": "BE4748",
    "redesigned": true
  },
  {
    "type": "color",
    "name": "red8",
    "rgb": "144,53,55",
    "hex": "903537",
    "redesigned": true
  },
  {
    "type": "color",
    "name": "red9",
    "rgb": "120,44,46",
    "hex": "782C2E",
    "redesigned": true
  },
  {
    "type": "color",
    "name": "red10",
    "rgb": "97,35,37",
    "hex": "612325",
    "redesigned": true
  },
  {
    "type": "color",
    "name": "brown1",
    "rgb": "225,211,176",
    "hex": "E1D3B0",
    "redesigned": true
  },
  {
    "type": "color",
    "name": "brown2",
    "rgb": "220,202,160",
    "hex": "DCCAA0",
    "redesigned": true
  },
  {
    "type": "color",
    "name": "brown3",
    "rgb": "214,194,143",
    "hex": "D6C28F",
    "redesigned": true
  },
  {
    "type": "color",
    "name": "brown4",
    "rgb": "202,178,114",
    "hex": "CAB272",
    "redesigned": true
  },
  {
    "type": "color",
    "name": "brown5",
    "rgb": "192,164,85",
    "hex": "C0A455",
    "redesigned": true
  },
  {
    "type": "color",
    "name": "brown6",
    "rgb": "178,145,46",
    "hex": "B2912E",
    "redesigned": true
  },
  {
    "type": "color",
    "name": "brown7",
    "rgb": "151,123,39",
    "hex": "977B27",
    "redesigned": true
  },
  {
    "type": "color",
    "name": "brown8",
    "rgb": "116,94,31",
    "hex": "745E1F",
    "redesigned": true
  },
  {
    "type": "color",
    "name": "brown9",
    "rgb": "96,78,26",
    "hex": "604E1A",
    "redesigned": true
  },
  {
    "type": "color",
    "name": "brown10",
    "rgb": "76,62,20",
    "hex": "4C3E14",
    "redesigned": true
  },
  {
    "type": "color",
    "name": "neutral-gray1",
    "rgb": "224,224,224",
    "hex": "E0E0E0",
    "redesigned": true
  },
  {
    "type": "color",
    "name": "neutral-gray2",
    "rgb": "204,204,204",
    "hex": "CCCCCC",
    "redesigned": true
  },
  {
    "type": "color",
    "name": "neutral-gray3",
    "rgb": "184,184,184",
    "hex": "B8B8B8",
    "redesigned": true
  },
  {
    "type": "color",
    "name": "neutral-gray4",
    "rgb": "163,163,163",
    "hex": "A3A3A3",
    "redesigned": true
  },
  {
    "type": "color",
    "name": "neutral-gray5",
    "rgb": "143,143,143",
    "hex": "8F8F8F",
    "redesigned": true
  },
  {
    "type": "color",
    "name": "neutral-gray6",
    "rgb": "122,122,122",
    "hex": "7A7A7A",
    "redesigned": true
  },
  {
    "type": "color",
    "name": "neutral-gray7",
    "rgb": "102,102,102",
    "hex": "666666",
    "redesigned": true
  },
  {
    "type": "color",
    "name": "neutral-gray8",
    "rgb": "77,77,77",
    "hex": "4D4D4D",
    "redesigned": true
  },
  {
    "type": "color",
    "name": "neutral-gray9",
    "rgb": "61,61,61",
    "hex": "3D3D3D",
    "redesigned": true
  },
  {
    "type": "color",
    "name": "neutral-gray10",
    "rgb": "41,41,41",
    "hex": "292929",
    "redesigned": true
  },
  {
    "type": "color",
    "name": "salmon1",
    "rgb": "247,219,201",
    "hex": "F7DBC9",
    "redesigned": true
  },
  {
    "type": "color",
    "name": "salmon2",
    "rgb": "246,212,191",
    "hex": "F6D4BF",
    "redesigned": true
  },
  {
    "type": "color",
    "name": "salmon3",
    "rgb": "244,204,180",
    "hex": "F4CCB4",
    "redesigned": true
  },
  {
    "type": "color",
    "name": "salmon4",
    "rgb": "242,191,159",
    "hex": "F2BF9F",
    "redesigned": true
  },
  {
    "type": "color",
    "name": "salmon5",
    "rgb": "240,179,141",
    "hex": "F0B38D",
    "redesigned": true
  },
  {
    "type": "color",
    "name": "salmon6",
    "rgb": "255,160,118",
    "hex": "FFA076",
    "redesigned": true
  },
  {
    "type": "color",
    "name": "salmon7",
    "rgb": "203,140,99",
    "hex": "CB8C63",
    "redesigned": true
  },
  {
    "type": "color",
    "name": "salmon8",
    "rgb": "157,108,78",
    "hex": "9D6C4E",
    "redesigned": true
  },
  {
    "type": "color",
    "name": "salmon9",
    "rgb": "129,89,64",
    "hex": "815940",
    "redesigned": true
  },
  {
    "type": "color",
    "name": "salmon10",
    "rgb": "101,70,50",
    "hex": "654632",
    "redesigned": true
  },
  {
    "type": "color",
    "name": "black",
    "rgb": "0,0,0",
    "hex": "000000",
    "redesigned": false
  },
  {
    "type": "color",
    "name": "grey10",
    "rgb": "27,42,51",
    "hex": "1B2A33",
    "redesigned": false
  },
  {
    "type": "color",
    "name": "grey9",
    "rgb": "44,64,76",
    "hex": "2C404C",
    "redesigned": false
  },
  {
    "type": "color",
    "name": "grey8",
    "rgb": "66,88,102",
    "hex": "425866",
    "redesigned": false
  },
  {
    "type": "color",
    "name": "grey7",
    "rgb": "89,113,127",
    "hex": "59717F",
    "redesigned": false
  },
  {
    "type": "color",
    "name": "grey6",
    "rgb": "116,139,153",
    "hex": "748B99",
    "redesigned": false
  },
  {
    "type": "color",
    "name": "grey5",
    "rgb": "150,168,178",
    "hex": "96A8B2",
    "redesigned": false
  },
  {
    "type": "color",
    "name": "grey4",
    "rgb": "182,195,204",
    "hex": "B6C3CC",
    "redesigned": false
  },
  {
    "type": "color",
    "name": "grey3",
    "rgb": "216,224,229",
    "hex": "D8E0E5",
    "redesigned": false
  },
  {
    "type": "color",
    "name": "grey2",
    "rgb": "226,232,237",
    "hex": "E2E8ED",
    "redesigned": false
  },
  {
    "type": "color",
    "name": "grey1",
    "rgb": "240,244,247",
    "hex": "F0F4F7",
    "redesigned": false
  },
  {
    "type": "color",
    "name": "white",
    "rgb": "255,255,255",
    "hex": "FFFFFF",
    "redesigned": false
  },
  {
    "type": "color",
    "name": "graybg",
    "rgb": "139,141,143",
    "hex": "8B8D8F",
    "redesigned": false
  },
  {
    "type": "color",
    "name": "primary-blue",
    "rgb": "62,135,232",
    "hex": "3E87E8",
    "redesigned": false
  },
  {
    "type": "color",
    "name": "primary-blue-hover",
    "rgb": "53,115,197",
    "hex": "3573C5",
    "redesigned": false
  },
  {
    "type": "color",
    "name": "primary-blue-pressed",
    "rgb": "43,94,162",
    "hex": "2B5EA2",
    "redesigned": false
  },
  {
    "type": "color",
    "name": "select-blue-default",
    "rgb": "10,158,193",
    "hex": "0A9EC1",
    "redesigned": false
  },
  {
    "type": "color",
    "name": "select-blue-hover",
    "rgb": "9,134,164",
    "hex": "0986A4",
    "redesigned": false
  },
  {
    "type": "color",
    "name": "select-blue-pressed",
    "rgb": "8,110,135",
    "hex": "086E87",
    "redesigned": false
  },
  {
    "type": "color",
    "name": "alert-red",
    "rgb": "229,56,56",
    "hex": "E53838",
    "redesigned": false
  },
  {
    "type": "color",
    "name": "alert-blue",
    "rgb": "67,100,221",
    "hex": "4364DD",
    "redesigned": false
  },
  {
    "type": "color",
    "name": "alert-yellow",
    "rgb": "232,167,54",
    "hex": "E8A736",
    "redesigned": false
  },
  {
    "type": "color",
    "name": "alert-orange",
    "rgb": "221,107,31",
    "hex": "DD6B1F",
    "redesigned": false
  },
  {
    "type": "color",
    "name": "red",
    "rgb": "227,37,51",
    "hex": "E32533",
    "redesigned": false
  },
  {
    "type": "color",
    "name": "orange",
    "rgb": "255,152,33",
    "hex": "FF9821",
    "redesigned": false
  },
  {
    "type": "color",
    "name": "yellow",
    "rgb": "255,237,69",
    "hex": "FFED45",
    "redesigned": false
  },
  {
    "type": "color",
    "name": "green",
    "rgb": "70,173,0",
    "hex": "46AD00",
    "redesigned": false
  },
  {
    "type": "color",
    "name": "blue",
    "rgb": "0,92,185",
    "hex": "005CB9",
    "redesigned": false
  },
  {
    "type": "color",
    "name": "purple",
    "rgb": "134,105,255",
    "hex": "8669FF",
    "redesigned": false
  },
  {
    "type": "color",
    "name": "red-light",
    "rgb": "255,92,92",
    "hex": "FF5C5C",
    "redesigned": false
  },
  {
    "type": "color",
    "name": "orange-light",
    "rgb": "255,187,102",
    "hex": "FFBB66",
    "redesigned": false
  },
  {
    "type": "color",
    "name": "yellow-light",
    "rgb": "255,249,141",
    "hex": "FFF98D",
    "redesigned": false
  },
  {
    "type": "color",
    "name": "green-light",
    "rgb": "117,216,53",
    "hex": "75D835",
    "redesigned": false
  },
  {
    "type": "color",
    "name": "blue-light",
    "rgb": "54,147,248",
    "hex": "3693F8",
    "redesigned": false
  },
  {
    "type": "color",
    "name": "purple-light",
    "rgb": "156,151,255",
    "hex": "9C97FF",
    "redesigned": false
  },
  {
    "type": "color",
    "name": "red-dark",
    "rgb": "182,18,37",
    "hex": "B61225",
    "redesigned": false
  },
  {
    "type": "color",
    "name": "yellow-dark",
    "rgb": "255,207,69",
    "hex": "FFCF45",
    "redesigned": false
  },
  {
    "type": "color",
    "name": "orange-dark",
    "rgb": "229,92,0",
    "hex": "E55C00",
    "redesigned": false
  },
  {
    "type": "color",
    "name": "green-dark",
    "rgb": "29,95,17",
    "hex": "1D5F11",
    "redesigned": false
  },
  {
    "type": "color",
    "name": "blue-dark",
    "rgb": "0,54,110",
    "hex": "00366E",
    "redesigned": false
  },
  {
    "type": "color",
    "name": "purple-dark",
    "rgb": "89,81,148",
    "hex": "595194",
    "redesigned": false
  },
  {
    "type": "color",
    "name": "dv-light-yellow",
    "rgb": "237,221,70",
    "hex": "EDDD46",
    "redesigned": false
  },
  {
    "type": "color",
    "name": "dv-dark-blue",
    "rgb": "38,93,171",
    "hex": "265DAB",
    "redesigned": false
  },
  {
    "type": "color",
    "name": "dv-dark-purple",
    "rgb": "123,58,150",
    "hex": "7B3A96",
    "redesigned": false
  },
  {
    "type": "color",
    "name": "dv-basic-blue",
    "rgb": "93,165,218",
    "hex": "5DA5DA",
    "redesigned": false
  },
  {
    "type": "color",
    "name": "dv-light-orange",
    "rgb": "251,178,88",
    "hex": "FBB258",
    "redesigned": false
  },
  {
    "type": "color",
    "name": "dv-dark-orange",
    "rgb": "223,92,36",
    "hex": "DF5C24",
    "redesigned": false
  },
  {
    "type": "color",
    "name": "dv-basic-brown",
    "rgb": "178,145,47",
    "hex": "B2912F",
    "redesigned": false
  },
  {
    "type": "color",
    "name": "dv-basic-red",
    "rgb": "241,88,84",
    "hex": "F15854",
    "redesigned": false
  },
  {
    "type": "color",
    "name": "dv-dark-green",
    "rgb": "5,151,72",
    "hex": "059748",
    "redesigned": false
  },
  {
    "type": "color",
    "name": "dv-basic-grey",
    "rgb": "77,77,77",
    "hex": "4D4D4D",
    "redesigned": false
  },
  {
    "type": "color",
    "name": "dv-light-brown",
    "rgb": "191,165,84",
    "hex": "BFA554",
    "redesigned": false
  },
  {
    "type": "color",
    "name": "dv-dark-yellow",
    "rgb": "199,180,46",
    "hex": "C7B42E",
    "redesigned": false
  },
  {
    "type": "color",
    "name": "dv-basic-green",
    "rgb": "96,189,104",
    "hex": "60BD68",
    "redesigned": false
  },
  {
    "type": "color",
    "name": "dv-light-pink",
    "rgb": "246,170,201",
    "hex": "F6AAC9",
    "redesigned": false
  },
  {
    "type": "color",
    "name": "dv-basic-gray",
    "rgb": "77,77,77",
    "hex": "4D4D4D",
    "redesigned": false
  },
  {
    "type": "color",
    "name": "dv-basic-orange",
    "rgb": "250,164,58",
    "hex": "FAA43A",
    "redesigned": false
  },
  {
    "type": "color",
    "name": "dv-light-green",
    "rgb": "144,205,151",
    "hex": "90CD97",
    "redesigned": false
  },
  {
    "type": "color",
    "name": "dv-dark-pink",
    "rgb": "229,18,111",
    "hex": "E5126F",
    "redesigned": false
  },
  {
    "type": "color",
    "name": "dv-basic-purple",
    "rgb": "178,118,178",
    "hex": "B276B2",
    "redesigned": false
  },
  {
    "type": "color",
    "name": "dv-dark-red",
    "rgb": "203,32,39",
    "hex": "CB2027",
    "redesigned": false
  },
  {
    "type": "color",
    "name": "dv-basic-pink",
    "rgb": "241,124,176",
    "hex": "F17CB0",
    "redesigned": false
  },
  {
    "type": "color",
    "name": "dv-light-gray",
    "rgb": "140,140,140",
    "hex": "8C8C8C",
    "redesigned": false
  },
  {
    "type": "color",
    "name": "dv-light-red",
    "rgb": "240,126,110",
    "hex": "F07E6E",
    "redesigned": false
  },
  {
    "type": "color",
    "name": "dv-light-blue",
    "rgb": "136,189,230",
    "hex": "88BDE6",
    "redesigned": false
  },
  {
    "type": "color",
    "name": "dv-light-grey",
    "rgb": "140,140,140",
    "hex": "8C8C8C",
    "redesigned": false
  },
  {
    "type": "color",
    "name": "dv-dark-brown",
    "rgb": "157,114,42",
    "hex": "9D722A",
    "redesigned": false
  },
  {
    "type": "color",
    "name": "dv-light-purple",
    "rgb": "188,153,199",
    "hex": "BC99C7",
    "redesigned": false
  },
  {
    "type": "color",
    "name": "dv-basic-yellow",
    "rgb": "222,207,63",
    "hex": "DECF3F",
    "redesigned": false
  },
  {
    "type": "color",
    "name": "dv-dark-gray",
    "rgb": "0,0,0",
    "hex": "000000",
    "redesigned": false
  },
  {
    "type": "color",
    "name": "dv-dark-grey",
    "rgb": "0,0,0",
    "hex": "000000",
    "redesigned": false
  }
]
